Question Text,Reworded Question,Source,Category,Second Category,Theme,
"As a child, what did you want to be when you grew up?","When you were a child, what did you want to be when you grew up?",Bank of America,Aspirations,,Childhood,
At which company was your first job?,What is the name of the first company you worked for?,www.nsandi.com,Firsts,,,
Choose your own phrase (At least 2 words),Choose your own phrase (at least two words),EBay,Other,,,
Choose your own phrase (at least two words),Choose your own phrase (at least two words),EBay,Other,,,
City of Birth?,In which city were you born?,L.L. Bean,Location,,Childhood,
City where you had your first job?,In what city was your first job?,Citi,Firsts,Location,,
City where you had your first job?,In what city was your first job?,American Airlines,Firsts,Location,,
City where you met your other half?,In what city did you meet your spouse/significant other?,EBay,Location,,Family,
City where you met your spouse/partner?,In what city did you meet your spouse/significant other?,Citi,Location,,Family,
City where you met your spouse/partner?,In what city did you meet your spouse/significant other?,American Airlines,Location,,Family,
Die letzten 4 Ziffern Ihrer Kreditkarte,What are the last four digits of your credit card?,web.de,Numbers,,,
During what month did you meet your spouse or significant other?,During what month did you meet your spouse or significant other?,United Airlines,Time,,Family,
Eigene Frage,Choose your own question,web.de,Other,,,
Enter a frequent flyer number.,What is your primary frequent flyer number?,Ohio State University (my.osu.edu),Numbers,,,
Enter a non-current telephone number.,Enter a non-current telephone number.,Ohio State University (my.osu.edu),Numbers,,,
Favorite book?,What is your favorite book?,L.L. Bean,Favorites,,,
Favorite fishing spot?,Favorite fishing spot?,L.L. Bean,Favorites,,,
Favorite hiking spot?,Favorite hiking spot?,L.L. Bean,Favorites,Location,,
Favorite hunting spot?,Favorite hunting spot?,L.L. Bean,Favorites,Location,,
Favorite TV show when you were young?,Favorite TV show when you were young?,American Airlines,Favorites,,Childhood,
Favorite vacation spot,What is your favorite vacation destination?,EBay,Location,,,
First boyfriend or girlfriend?,What is the name of your first boyfriend or girlfriend?,L.L. Bean,Name,,,
First Company You Worked For,What is the name of the first company you worked for?,EBay,Firsts,,,
First company you worked for?,What is the name of the first company you worked for?,EBay,Firsts,,,
First Concert You Attended,What was the first concert you attended?,EBay,Firsts,,,
First concert you attended?,What was the first concert you attended?,Citi,Firsts,,,
First concert you attended?,What was the first concert you attended?,EBay,Firsts,,,
First concert you attended?,What was the first concert you attended?,American Airlines,Firsts,,,
First Foreign Country / Region You Visited,What was the first foreign country you visited?,Citi,Firsts,Location,,
First Foreign Country You Visited,What was the first foreign country you visited?,EBay,Firsts,Location,,
First name of best man or maid of honor,What is the first name of the best man/maid of honor at your wedding?,EBay,Name,,Family,
First name of oldest cousin,What is your oldest cousin's first name?,EBay,Name,,Family,
First name of your best friend,What is the name of your childhood best friend?,EBay,Name,,Childhood,
First three words of favorite quote,First three words of favorite quote,EBay,Favorites,,,
Geburtsname der Mutter,What is your mother's maiden name?,web.de,Name,,Family,
Give a name of a favorite teacher,What is the last name of your favorite teacher?,Ohio State University (my.osu.edu),Name,Favorites,Childhood,
Hospital where you were born,What is the name of the hospital you were born in?,EBay,Location,,Childhood,
Hospital where your first child was born,What is the name of the hospital where your first child was born in?,EBay,Location,,Family,
How do you describe yourself in one word?,How do you describe yourself in one word?,Source Withheld,Other,,,
"If you were an animal, what animal would you be?","If you were an animal, what animal would you be?",Source Withheld,Other,,,
In what city did you first visit a museum?,In what city did you first visit a museum?,USCIS,Firsts,Location,,
In what city did you honeymoon? (Enter full name of city only),Where did you go on your honeymoon?,Bank of America,Location,,Family,
In what city did you meet your spouse or significant other?,In what city did you meet your spouse/significant other?,T-Mobile,Location,,Family,
In what city did you meet your spouse or significant other?,In what city did you meet your spouse/significant other?,Spectrum,Location,,Family,
In what city did you meet your spouse or significant other?,In what city did you meet your spouse/significant other?,T-Mobile,Location,,Family,
In what city did you meet your spouse/significant other?,In what city did you meet your spouse/significant other?,Bank of America,Location,,Family,
In what city did you meet your spouse/significant other?,In what city did you meet your spouse/significant other?,T-Mobile,Location,,Family,
In what city did your mother and father meet?,In what city did your parents meet?,T-Mobile,Location,,Family,
In what city did your nearest sibling live?,In what city does your nearest sibling live?,T-Mobile,Location,,Family,
In what city did your parents meet?,In what city did your parents meet?,howtogeek.com,Location,,Family,
In what city did your parents meet?,In what city did your parents meet?,Apple,Location,,Family,
In what city does your nearest sibling live?,In what city does your nearest sibling live?,US Bank,Location,,Family,
In what city does your nearest sibling live?,In what city does your nearest sibling live?,T-Mobile,Location,,Family,
In what city does your nearest sibling live?,In what city does your nearest sibling live?,Connecticut Department of Labor Tax and Benefits System,Location,,Family,
In what city or town did you meet your spouse/significant other?,In what city did you meet your spouse/significant other?,Bank Fund Staff Federal Credit Union,Location,,Family,
In what city or town did your mother and father meet?,In what city did your parents meet?,US Bank,Location,,Family,
In what city or town did your mother and father meet?,In what city did your parents meet?,AT&T Mobile,Location,,Family,
In what city or town did your mother and father meet?,In what city did your parents meet?,Bank Fund Staff Federal Credit Union,Location,,Family,
In what city or town did your mother and father meet?,In what city did your parents meet?,Source Withheld,Location,,Family,
In what city or town did your mother and father meet?,In what city did your parents meet?,SUNY Buffalo,Location,,Family,
In what city or town did your mother and father meet?,In what city did your parents meet?,US Bank,Location,,Family,
In what city or town does your oldest sibling live?,In what city or town does your oldest sibling live?,Bank Fund Staff Federal Credit Union,Location,,Family,
In what city or town does your youngest sibling live?,In what city or town does your youngest sibling live?,Bank Fund Staff Federal Credit Union,Location,,Family,
In what city or town was your father born?,In what city or town was your father born?,Bank Fund Staff Federal Credit Union,Location,,Family,
In what city or town was your first job?,In what city was your first job?,Blue Cross Blue Shield Global Core (https://www.bcbsglobalcore.com/Account/Register/),Firsts,Location,,
In what city or town was your first job?,In what city was your first job?,Bank Fund Staff Federal Credit Union,Firsts,Location,,
In what city or town was your mother born?,In what city or town was your mother born?,Bank Fund Staff Federal Credit Union,Location,,Family,
In what city was your first job?,In what city was your first job?,US Bank,Firsts,Location,,
In what city was your mother born?,In which city was your mother born?,https://www.cengagebrain.co.uk/,Location,,Family,
In what city were you at the turn of the millenium?,"Where were you on January 1st, 2000?",Source Withheld,Location,,,
In what city were you born?,In which city were you born?,USPS,Location,,Childhood,
In what city were you born? (Enter full name of city only),In which city were you born?,Citizens Bank,Location,,Childhood,
In what city were you married?,In what city were you married?,FedLoan Servicing,Location,,Family,
"In what city, town, or village were you born?",In which city were you born?,SUNY Buffalo,Location,,Childhood,
In what city/town did you meet your spouse?,In what city did you meet your spouse/significant other?,USCIS,Location,,Family,
In what city/town were you in when you saw the ocean for the first time?,In what city/town were you in when you saw the ocean for the first time?,USCIS,Firsts,Location,,
"In what city/town were you on January 1, 2000?","Where were you on January 1st, 2000?",USCIS,Location,,,
In what month is your best friend's birthday?,In what month is your best friend's birthday?,United Airlines,Time,,,
In what street was the first address you lived in apart from your parents' home?,In what street was the first address you lived in apart from your parents' home?,www.nsandi.com,Location,,,
In what year was your spouse born (YYYY)?,In what year was your spouse born (YYYY)?,Citi Credit Card,Time,,Family,
In which city did you meet your spouse/significant other?,In what city did you meet your spouse/significant other?,Spectrum Internet,Location,,Family,
In which city did your parents get married?,In which city did your parents get married?,www.nsandi.com,Location,,Family,
In which city was your father born? (Enter full name of city only),In what city or town was your father born?,Bank of America,Location,,Family,
In which city was your grandfather born (father's father)?,In which city was your grandfather born (father's father)?,53.com,Location,,Family,
In which city was your mother born?,In which city was your mother born?,Citi Credit Card,Location,,Family,
In which city were you born?,In which city were you born?,Citi Credit Card,Location,,Childhood,
Last name of Favorite Teacher,What is the last name of your favorite teacher?,EBay,Name,Favorites,Childhood,
Last name of your favorite elementary school teacher?,What is the last name of your favorite elementary school teacher?,Citi,Name,Favorites,Childhood,
Last name of your favorite elementary school teacher?,What is the last name of your favorite elementary school teacher?,American Airlines,Name,Favorites,Childhood,
Last name of your kindergarten teacher?,What is the last name of your kindergarten teacher?,Citi Credit Card,Name,,Childhood,
Lieblingsfilm,What is your favorite movie?,web.de,Favorites,,,
Make and Model of your first car,What was the make and model of your first car?,UpWork,Firsts,,Cars,
Make and Model of your first car?,What was the make and model of your first car?,Citi,Firsts,,Cars,
Make and Model of your first car?,What was the make and model of your first car?,American Airlines,Firsts,,Cars,
Model of your first car,What was the model of your first car?,EBay,Firsts,,Cars,
Mother's Maiden Name?,What is your mother's maiden name?,L.L. Bean,Name,,Family,
Name a college you applied to but did not attend?,What is the name of a college you applied to but did not attend?,Citi Credit Card,Location,,,
Name des Haustiers,What is your pet's name?,web.de,Name,,Pet,
Name of favorite book,What is your favorite book?,EBay,Favorites,,,
Name of favorite childhood pet?,What did you call your favorite childhood pet?,Citi Credit Card,Name,Favorites,"Childhood,Pet",
Name of First Pet,What is the name of your first pet?,EBay,Name,,Pet,
Name of your childhood best friend?,What is the name of your childhood best friend?,Citi,Name,,Childhood,
Name of your childhood best friend?,What is the name of your childhood best friend?,American Airlines,Name,,Childhood,
Name of your favourite band or singer?,What is the name of your favorite singer/band?,EBay,Name,Favorites,,
Name of your first pet?,What is the name of your first pet?,EBay,Name,,Pet,
Name of your first summer camp?,Name of your first summer camp?,L.L. Bean,Firsts,Location,Childhood,
Name the place you'd go to on your ideal vacation?,What is your favorite vacation destination?,Citi Credit Card,Location,,,
On what street is your grocery store?,On what street is your grocery store?,Bank of America,Location,,,
"Other than where you live, what's your favorite city?","Other than where you live, what's your favorite city?",Citi Credit Card,Favorites,Location,,
Paternal Grandmother's First Name,What is your paternal grandmother's first name?,JCB,Name,,Family,
"Stadt, in der Sie geboren wurden",In which city were you born?,web.de,Location,,Childhood,
Strangest food you've ever eaten?,Strangest food you've ever eaten?,Citi,Other,,,
Strangest food you've ever eaten?,Strangest food you've ever eaten?,American Airlines,Other,,,
Street where you lived when you were five?,Street where you lived when you were five?,American Airlines,Location,,Childhood,
The city where you met your spouse,In what city did you meet your spouse/significant other?,UpWork,Location,,Family,
The name of the street you grew up on,What street did you grow up on?,UpWork,Location,,Childhood,
The name of your elementary school,What is the name of your elementary school?,UpWork,Location,,Childhood,
To what city did you go on your honeymoon?,Where did you go on your honeymoon?,Citieasydeals.com,Location,,Family,
What are the last five digits of your favorite credit card?,What are the last five digits of your favorite credit card?,US Bank,Numbers,Favorites,,
What are the last five digits of your favorite credit card?,What are the last five digits of your favorite credit card?,US Bank,Numbers,Favorites,,
What are the last five digits of your frequent flyer card?,What are the last five digits of your frequent flyer card?,US Bank,Numbers,,,
What are the last five digits of your student ID?,What are the last five digits of your student ID?,US Bank,Numbers,,,
What are the last four digits of your driver's license?,What are the last four digits of your driver's license?,Aetna,Numbers,,,
What book did you most dislike when you were in school?,What book did you most dislike when you were in school?,Ohio State University (my.osu.edu),Favorites,,Childhood,
What celebrity do you most resemble?,What celebrity do you most resemble?,Bank of America,Name,,,
What city did you first meet your spouse?,In what city did you meet your spouse/significant other?,AT&T Mobile,Location,,Family,
What city were you born in?,In which city were you born?,ESRI,Location,,Childhood,
What city would you most like to visit?,What city would you most like to visit?,US Bank,Aspirations,Location,,
What color is your first car?,What was the color of your first car?,Ventra Chicago,Firsts,,Cars,
What color was the home you grew up in?,What color was the home you grew up in?,United Airlines,Other,,Childhood,
What country would you most like to visit?,What country would you most like to visit?,US Bank,Aspirations,Location,,
What did you call your favorite childhood pet?,What did you call your favorite childhood pet?,AT&T Mobile,Name,Favorites,"Childhood,Pet",
What did you cook for your first dinner party?,What did you cook for your first dinner party?,AT&T Mobile,Firsts,,,
What famous landmark would you like to visit?,What famous landmark would you like to visit?,US Bank,Aspirations,Location,,
What famous person would your mother like to meet?,What famous person would your mother like to meet?,Ohio State University (my.osu.edu),Name,,,
What food do you dislike the most?,What food do you dislike the most?,Source Withheld,Favorites,,,
What high school did you go to?,What is the name of your high school?,ESRI,Location,,Childhood,
What is the city and state of your birth?,In which city were you born?,Optum Bank,Location,,Childhood,
What is the country of your ultimate dream vacation?,What is your favorite vacation destination?,USCIS,Location,,,
What is the first album you purchased?,What was the first album that you purchased?,E-Trade,Firsts,,,
What is the first and last name of your favorite childhood friend?,What is the name of your childhood best friend?,USCIS,Name,,Childhood,
What is the first and last name of your oldest cousin?,What is your oldest cousin's first and last name?,USCIS,Name,,Family,
What is the first beach you visited?,What is the name of the first beach you visited?,E-Trade,Location,,,
What is the first city you visited without your parents?,What is the first city you visited without your parents?,USCIS,Firsts,Location,,
What is the first concert you attended?,What was the first concert you attended?,E-Trade,Firsts,,,
What is the first movie you saw in a theatre?,What was the first movie you ever went to?,E-Trade,Firsts,,,
What is the first name of the best man/maid of honor at your wedding?,What is the first name of the best man/maid of honor at your wedding?,Bank of America,Name,,Family,
What is the first name of the eldest of your siblings?,What is the first name of the eldest of your siblings?,Citi Credit Card,Name,,Family,
What is the first name of the youngest of your siblings?,What is the first name of the youngest of your siblings?,Citi Credit Card,Name,,Family,
What is the first name of your best friend in high school?,What is the first name of your best friend in high school?,Apple,Name,,Childhood,
What is the first name of your closest childhood friend?,What is the name of your childhood best friend?,53.com,Name,,Childhood,
What is the first name of your closest childhood friend?,What is the name of your childhood best friend?,Citi Credit Card,Name,,Childhood,
What is the first name of your eldest child?,What is the first name of your eldest child?,Citi Credit Card,Name,,Family,
What is the first name of your eldest of your cousins (from your father's side)?,What is the first name of your eldest of your cousins (from your father's side)?,www.nsandi.com,Name,,Family,
What is the first name of your favorite niece/nephew?,What is the first name of your favorite niece/nephew?,Bank of America,Name,Favorites,Family,
What is the first name of your first crush?,What is the name of your first crush?,53.com,Name,,,
What is the first name of your grandmother (mother's mother)?,What is the first name of your grandmother (mother's mother)?,Citi Credit Card,Name,,Family,
What is the first name of your grandmother (your mother's mother)?,What is the first name of your grandmother (your mother's mother)?,www.nsandi.com,Name,,Family,
What is the first name of your hairdresser/barber?,What is the first name of your hairdresser/barber?,Bank of America,Name,,,
What is the first name of your high school prom date?,What is the first name of your high school prom date?,Bank of America,Name,,Childhood,
What is the first name of your mother's closest friend?,What is the first name of your mother's closest friend?,Bank of America,Name,,Family,
What is the first name of your spouse's father?,What is your spouse/significant other's father's first name?,Citi Credit Card,Name,,Family,
What is the first name of your spouse's mother?,What is the first name of your spouse's mother?,Citi Credit Card,Name,,Family,
What is the first purchase you made online?,What is the first purchase you made online?,E-Trade,Firsts,,,
What is the first thing you learned to cook?,What was the first thing you learned to cook?,E-Trade,Firsts,,,
What is the furthest holiday destination you have been to?,What is the furthest holiday destination you have been to?,Source Withheld,Location,,,
What is the last name of the most influential person in your life?,What is the last name of the most influential person in your life?,Source Withheld,Name,,,
What is the last name of your best friend?,What is the last name of your best friend?,ESRI,Name,,,
What is the last name of your childhood doctor?,What is the last name of your childhood doctor?,Citi Credit Card,Name,,Childhood,
What is the last name of your family physician?,What is the last name of your family physician?,Bank of America,Name,,,
What is the last name of your favorite childhood teacher?,What is the last name of your favorite childhood teacher?,USCIS,Name,,Childhood,
What is the last name of your favorite elementary school teacher?,What is the last name of your favorite elementary school teacher?,AT&T Mobile,Name,Favorites,Childhood,
What is the last name of your favorite elementary school teacher?,What is the last name of your favorite elementary school teacher?,Apple,Name,Favorites,Childhood,
What is the last name of your favorite teacher?,What is the last name of your favorite teacher?,Ohio State University (my.osu.edu),Name,Favorites,Childhood,
What is the last name of your first grade teacher?,What is the last name of your first grade teacher?,Citi Credit Card,Name,,Childhood,
What is the last name of your third grade teacher?,What was the last name of your third grade teacher?,Bank of America,Name,,Childhood,
What is the last name of your third grade teacher?,What was the last name of your third grade teacher?,T-Mobile,Name,,Childhood,
What is the longest time you have lived in a city or town?,What is the longest time you have lived in a city or town?,Ohio State University (my.osu.edu),Time,,,
What is the maiden name of grandmother?,What is the maiden name of grandmother?,PayPal,Name,,Family,
What is the maiden name of your spouse's mother?,What is the maiden name of your spouse's mother?,Bank Fund Staff Federal Credit Union,Name,,Family,
What is the middle name of your father?,What is your father's middle name?,PayPal,Name,,Family,
What is the middle name of your oldest child?,What is the middle name of your oldest child?,JetBlue,Name,,Family,
What is the middle name of your oldest sibling?,What is the middle name of your oldest sibling?,JetBlue,Name,,Family,
What is the middle name of your youngest child?,What is the middle name of your youngest child?,Southwest Airlines,Name,,Family,
What is the middle name of your youngest child?,What is the middle name of your youngest child?,T-Mobile,Name,,Family,
What is the middle name of your youngest child?,What is the middle name of your youngest child?,Southwest Airlines,Name,,Family,
What is the middle name of your youngest child?,What is the middle name of your youngest child?,T-Mobile,Name,,Family,
What is the middle name of your youngest sibling?,What is your youngest sibling's middle name?,ESRI,Name,,Family,
What is the name of a college you applied to but did not attend?,What is the name of a college you applied to but did not attend?,US Bank,Location,,,
What is the name of a college you applied to but did not attend?,What is the name of a college you applied to but did not attend?,Bank of America,Location,,,
What is the name of a college you applied to but did not attend?,What is the name of a college you applied to but did not attend?,Bank of America,Location,,,
What is the name of a college you applied to but did not attend?,What is the name of a college you applied to but did not attend?,Bank Fund Staff Federal Credit Union,Location,,,
What is the name of the city in which you were born?,In which city were you born?,Southwest Airlines,Location,,Childhood,
What is the name of the city in which you were born?,In which city were you born?,Southwest Airlines,Location,,Childhood,
What is the name of the company of your first job?,What is the name of the first company you worked for?,JetBlue,Firsts,,,
What is the name of the company of your first job?,What is the name of the first company you worked for?,Optum Bank,Firsts,,,
What is the name of the company of your first paid job?,What is the name of the first company you worked for?,USCIS,Firsts,,,
What is the name of the first beach you visited?,What is the name of the first beach you visited?,Apple,Location,,,
What is the name of the first city you visited by plane?,Where did you go the first time you flew on a plane?,E-Trade,Firsts,Location,,
What is the name of the first company you worked for?,What is the name of the first company you worked for?,T-Mobile,Firsts,,,
What is the name of the first company you worked for?,What is the name of the first company you worked for?,T-Mobile,Firsts,,,
What is the name of the first company you worked for?,What is the name of the first company you worked for?,T-Mobile,Firsts,,,
What is the name of the first company you worked for?,What is the name of the first company you worked for?,T-Mobile,Firsts,,,
What is the name of the first school you attended?,What is the name of the first school you attended?,Delta Airlines,Firsts,Location,Childhood,
What is the name of the first school you attended?,What was the name of the first school you ever attended?,USCIS,Firsts,Location,Childhood,
What is the name of the hospital you were born in?,What is the name of the hospital you were born in?,Source Withheld,Location,,Childhood,
What is the name of the medical professional who delivered your first child?,What is the name of the medical professional who delivered your first child?,Bank of America,Name,,Family,
What is the name of the place your wedding reception was held?,What is the name of the place your wedding reception was held?,Bank Fund Staff Federal Credit Union,Location,,Family,
What is the name of the school you attended in 6th grade?,What is the name of the school you attended in 6th grade?,Spectrum Internet,Location,,Childhood,
What is the name of the school you attended in 6th grade?,What is the name of the school you attended in 6th grade?,Spectrum,Location,,Childhood,
What is the name of the street on which you grew up?,What street did you grow up on?,Ventra Chicago,Location,,Childhood,
What is the name of the street on which you grew up?,What street did you grow up on?,ESRI,Location,,Childhood,
What is the name of the street where you grew up?,What street did you grow up on?,Apple,Location,,Childhood,
What is the name of the street you lived on when you were born?,What is the name of the street you lived on when you were born?,Aetna,Location,,Childhood,
What is the name of the street you lived on when you were born?,What is the name of the street you lived on when you were born?,Aetna,Location,,Childhood,
What is the name of the teacher that had the most impact on you?,What was the last name of your most influential teacher?,SUNY Buffalo,Name,,Childhood,
What is the name of the university your spouse attended?,What is the name of the university your spouse attended?,www.nsandi.com,Location,,Family,
What is the name of your best childhood friend?,What is the name of your childhood best friend?,Bank of America,Name,,Childhood,
What is the name of your best friend's first name?,What is the name of your best friend's first name?,Bank of America,Name,,,
What is the name of your childhood best friend?,What is the name of your childhood best friend?,Delta Airlines,Name,,Childhood,
What is the name of your elementary school?,What is the name of your elementary school?,Ohio State University (my.osu.edu),Location,,Childhood,
What is the name of your elementary school?,What is the name of your elementary school?,Citi Credit Card,Location,,Childhood,
What is the name of your favorite book in high school?,What is the name of your favorite book in high school?,E-Trade,Favorites,,,
What is the name of your favorite book?,What is your favorite book?,SUNY Buffalo,Favorites,,,
What is the name of your favorite cartoon?,What is the name of your favorite cartoon?,EA Origin,Name,Favorites,,
What is the name of your favorite charity?,What is the name of your favorite charity?,Bank of America,Favorites,,,
What is the name of your favorite childhood cuddly toy?,What is the name of your favorite childhood cuddly toy?,PayPal,Name,Favorites,Childhood,
What is the name of your favorite childhood friend?,What is the name of your childhood best friend?,JetBlue,Name,,Childhood,
What is the name of your favorite fictional character?,What is the name of your favorite fictional character?,ESRI,Favorites,,,
What is the name of your favorite high school teacher?,What is the name of your favorite high school teacher?,AT&T Mobile,Name,Favorites,Childhood,
What is the name of your favorite movie?,What is the name of your favorite movie?,Southwest Airlines,Favorites,,,
What is the name of your favorite movie?,What is the name of your favorite movie?,Southwest Airlines,Favorites,,,
What is the name of your favorite movie?,What is the name of your favorite movie?,SUNY Buffalo,Favorites,,,
What is the name of your favorite pet?,What is the name of your favorite pet?,JetBlue,Name,Favorites,Pet,
What is the name of your favorite pet?,What is the name of your favorite pet?,EA Origin,Name,Favorites,Pet,
What is the name of your favorite pet?,What is the name of your favorite pet?,ESRI,Name,Favorites,Pet,
What is the name of your favorite restaurant in college?,What is the name of your favorite restaurant in college?,E-Trade,Favorites,,,
What is the name of your favorite restaurant?,What is the name of your favorite restaurant?,Bank of America,Location,Favorites,,
What is the name of your favorite restaurant?,What is the name of your favorite restaurant?,ESRI,Location,Favorites,,
What is the name of your favorite singer/band?,What is the name of your favorite singer/band?,Southwest Airlines,Name,Favorites,,
What is the name of your favorite singer/band?,What is the name of your favorite singer/band?,Southwest Airlines,Name,Favorites,,
What is the name of your favorite sports team or player?,What is the name of your favorite sports team or player?,Blizzard Entertainment,Name,Favorites,,
What is the name of your favorite sports team?,What is the name of your favorite sports team?,Apple,Favorites,,,
What is the name of your favorite sports team?,What is the name of your favorite sports team?,Southwest Airlines,Favorites,,,
What is the name of your favorite sports team?,What is the name of your favorite sports team?,Southwest Airlines,Favorites,,,
What is the name of your favorite teacher?,What is the last name of your favorite teacher?,Bed Bath & Beyond,Name,Favorites,Childhood,
What is the name of your first babysitter?,What is the name of your first babysitter?,Bank of America,Name,,,
What is the name of your first boyfriend or girlfriend?,What is the name of your first boyfriend or girlfriend?,Bank of America,Name,,,
What is the name of your first crush?,What is the name of your first crush?,Bed Bath & Beyond,Name,,,
What is the name of your first employer?,What is the name of the first company you worked for?,https://www.cengagebrain.co.uk/,Firsts,,,
What is the name of your first pet?,What is the name of your first pet?,Delta Airlines,Name,,Pet,
What is the name of your first pet?,What is the name of your first pet?,US Bank,Name,,Pet,
What is the name of your first pet?,What is the name of your first pet?,Southwest Airlines,Name,,Pet,
What is the name of your first pet?,What is the name of your first pet?,NexTier Bank,Name,,Pet,
What is the name of your first pet?,What is the name of your first pet?,Optum Bank,Name,,Pet,
What is the name of your first primary school?,What is the name of your first primary school?,www.nsandi.com,Location,,Childhood,
What is the name of your first school?,What is the name of your first school?,Bed Bath & Beyond,Location,,Childhood,
What is the name of your first teacher?,What is the name of your first teacher?,Aetna,Name,,Childhood,
What is the name of your high school?,What is the name of your high school?,https://www.cengagebrain.co.uk/,Location,,Childhood,
What is the name of your high school's star athlete?,What is the name of your high school's star athlete?,Bank of America,Name,,Childhood,
What is the name of your hometown?,What is the name of your hometown?,https://www.cengagebrain.co.uk/,Location,,,
What is the name of your least favorite college course?,What is the name of your least favorite college course?,E-Trade,Favorites,,,
What is the name of your pet?,What is the name of your pet?,USPS,Name,,Pet,
What is the name of your veterinarian?,What is the name of your veterinarian?,US Bank,Name,,Pet,
What is the name of your youngest child?,What is the name of your youngest child?,T-Mobile,Name,,Family,
What is the nickname of your oldest child?,What is the nickname of your oldest child?,PayPal,Name,,Family,
What is the phone number you remember most from your childhood?,What is the phone number you remember most from your childhood?,Delta Airlines,Numbers,,Childhood,
What is the street number of the house you grew up in?,What is the street number of the house you grew up in?,JetBlue,Numbers,,Childhood,
What is the title of your degree during university?,What is the title of your degree during university?,www.nsandi.com,Other,,,
What is the title of your favorite book?,What is your favorite book?,ESRI,Favorites,,,
What is your all-time favorite song?,What is your favorite song?,Bank of America,Favorites,,,
What is your best friend's name?,What is your best friend's name?,Optum Bank,Name,,,
What is your brother's middle name?,What is your brother's middle name?,https://mygoodtogo.com/olcsc/,Name,,Family,
What is your childhood best friend's last name?,What is your childhood best friend's last name?,AT&T Mobile,Name,,Childhood,
What is your childhood nickname?,What was your childhood nickname?,Optum Bank,Name,,Childhood,
What is your dream car?,What is your dream car?,US Bank,Aspirations,,Cars,
What is your dream car?,What is your dream car?,Source Withheld,Aspirations,,Cars,
What is your dream job as a child?,What is your dream job as a child?,Optum Bank,Aspirations,,Childhood,
What is your dream job?,What is your dream job?,howtogeek.com,Aspirations,,,
What is your dream job?,What is your dream job?,AT&T Mobile,Aspirations,,,
What is your dream job?,What is your dream job?,Apple,Aspirations,,,
What is your dream job?,What is your dream job?,ESRI,Aspirations,,,
What is your eldest child's middle name?,What is your first child's middle name?,Citi Credit Card,Name,,Family,
What is your eldest child's middle name?,What is your first child's middle name?,www.nsandi.com,Name,,Family,
What is your faovrite restaurant?,What is the name of your favorite restaurant?,https://www.cengagebrain.co.uk/,Location,Favorites,,
What is your father's middle name?,What is your father's middle name?,Delta Airlines,Name,,Family,
What is your father's middle name?,What is your father's middle name?,Ohio State University (my.osu.edu),Name,,Family,
What is your father's middle name?,What is your father's middle name?,Citi Credit Card,Name,,Family,
What is your father's middle name?,What is your father's middle name?,Aetna,Name,,Family,
What is your father's middle name?,What is your father's middle name?,https://www.cengagebrain.co.uk/,Name,,Family,
What is your father's middle name?,What is your father's middle name?,Aetna,Name,,Family,
What is your father's middle name?,What is your father's middle name?,Optum Bank,Name,,Family,
What is your father's mother's maiden name?,What is your paternal grandmother's maiden name?,USCIS,Name,,Family,
What is your favorite actor's name?,What is your favorite actor's name?,US Bank,Name,Favorites,,
What is your favorite book?,What is your favorite book?,Bank Fund Staff Federal Credit Union,Favorites,,,
What is your favorite book?,What is your favorite book?,Source Withheld,Favorites,,,
What is your favorite breed of dog?,What is your favorite breed of dog?,United Airlines,Favorites,,,
What is your favorite breed of dog?,What is your favorite breed of dog?,United Airlines,Favorites,,,
What is your favorite children's book?,What was your favorite book as a child?,Apple,Favorites,,Childhood,
What is your favorite city?,What is your favorite city?,Source Withheld,Favorites,Location,,
What is your favorite cold-weather activity?,What is your favorite cold-weather activity?,United Airlines,Favorites,,,
What is your favorite color?,What is your favorite color?,United Healthcare,Favorites,,,
What is your favorite color?,What is your favorite color?,Optum Bank,Favorites,,,
What is your favorite cuisine?,What is your favorite cuisine?,Source Withheld,Favorites,,,
What is your favorite flavor of ice cream?,What is your favorite ice cream flavor?,United Airlines,Favorites,,,
What is your favorite flower?,What is your favorite flower?,Citi Credit Card,Favorites,,,
What is your favorite flower?,What is your favorite flower?,Source Withheld,Favorites,,,
What is your favorite food to eat?,What is your favorite food to eat?,USPS,Favorites,,,
What is your favorite game?,What is your favorite game?,Bank Fund Staff Federal Credit Union,Favorites,,,
What is your favorite hobby/recreational pasttime?,What is your favorite hobby?,SUNY Buffalo,Favorites,,,
What is your favorite hobby?,What is your favorite hobby?,Bed Bath and Beyond,Favorites,,,
What is your favorite holiday destination?,What is your favorite holiday destination?,Source Withheld,Favorites,Location,,
What is your favorite holiday?,What is your favorite holiday destination?,USPS,Favorites,Location,,
What is your favorite ice cream flavor?,What is your favorite ice cream flavor?,Southwest Airlines,Favorites,,,
What is your favorite ice cream flavor?,What is your favorite ice cream flavor?,53.com,Favorites,,,
What is your favorite ice cream flavor?,What is your favorite ice cream flavor?,Southwest Airlines,Favorites,,,
What is your favorite kind of cookie?,What is your favorite kind of cookie?,53.com,Favorites,,,
What is your favorite movie?,What is the name of your favorite movie?,Bank Fund Staff Federal Credit Union,Favorites,,,
What is your favorite movie?,What is the name of your favorite movie?,USPS,Favorites,,,
What is your favorite movie?,What is the name of your favorite movie?,Source Withheld,Favorites,,,
What is your favorite musical instrument?,What is your favorite musical instrument?,United Airlines,Favorites,,,
What is your favorite musical instrument?,What is your favorite musical instrument?,United Airlines,Favorites,,,
What is your favorite musician's name?,What is your favorite musician's name?,US Bank,Name,Favorites,,
What is your favorite or dream vacation location?,What is your favorite vacation destination?,SUNY Buffalo,Location,,,
What is your favorite or least favorite food?,What is your favorite or least favorite food?,SUNY Buffalo,Favorites,,,
What is your favorite outdoor activity?,What is your favorite outdoor activity?,Bank Fund Staff Federal Credit Union,Favorites,,,
What is your favorite pizza topping?,What is your favorite pizza topping?,United Airlines,Favorites,,,
What is your favorite place to visit as a child?,What is your favorite place to visit as a child?,Delta Airlines,Favorites,,Childhood,
What is your favorite restaurant?,What is the name of your favorite restaurant?,Citi Credit Card,Location,Favorites,,
What is your favorite sea animal?,What is your favorite sea animal?,United Airlines,Favorites,,,
What is your favorite song?,What is your favorite song?,Citi Credit Card,Favorites,,,
What is your favorite sport to watch?,What is your favorite sport?,JetBlue,Favorites,,,
What is your favorite sport?,What is your favorite sport?,United ,Favorites,,,
What is your favorite sport?,What is your favorite sport?,USPS,Favorites,,,
What is your favorite sport?,What is your favorite sport?,United Airlines,Favorites,,,
What is your favorite sport?,What is your favorite sport?,United Airlines,Favorites,,,
What is your favorite sports team?,What is the name of your favorite sports team?,Merrick Bank,Favorites,,,
What is your favorite teacher's name?,What is the last name of your favorite teacher?,https://www.cengagebrain.co.uk/,Name,Favorites,Childhood,
What is your favorite television show?,What is your favorite television show?,Bed Bath and Beyond,Favorites,,,
What is your favorite television show?,What is your favorite television show?,Citi Credit Card,Favorites,,,
What is your favorite type of movie?,What is your favorite type of movie?,United Airlines,Favorites,,,
What is your favorite type of movie?,What is your favorite type of movie?,United Airlines,Favorites,,,
What is your favorite type of music?,What is your favorite type of music?,United Airlines,Favorites,,,
What is your favorite type of music?,What is your favorite type of music?,United Airlines,Favorites,,,
What is your favorite type of reading?,What is your favorite type of reading?,United Airlines,Favorites,,,
What is your favorite type of reading?,What is your favorite type of reading?,United Airlines,Favorites,,,
What is your favorite type of vacation?,What is your favorite type of vacation?,United Airlines,Favorites,,,
What is your favorite type of vacation?,What is your favorite type of vacation?,United Airlines,Favorites,,,
What is your favorite vacation destination?,What is your favorite vacation destination?,53.com,Location,,,
What is your favorite warm-weather activity?,What is your favorite warm-weather activity?,United Airlines,Favorites,,,
What is your first car's make and model?,What was the make and model of your first car?,AT&T Mobile,Firsts,,Cars,
What is your first child's middle name?,What is your first child's middle name?,https://www.cengagebrain.co.uk/,Name,,Family,
What is your first pet's name?,What is the name of your first pet?,Square Enix,Name,,Pet,
What is your grandmother's middle name (your father's mother)?,What is your grandmother's middle name (your father's mother)?,53.com,Name,,Family,
What is your greatest phobia or fear?,What is your greatest phobia or fear?,US Bank,Other,,,
What is your hobby?,What is your favorite hobby?,Citi Credit Card,Favorites,,,
What is your ideal vacation spot?,What is your favorite vacation destination?,Ohio State University (my.osu.edu),Location,,,
What is your library card number?,What is your library card number?,Ohio State University (my.osu.edu),Numbers,,,
What is your maternal grandmother's maiden name?,What is your maternal grandmother's maiden name?,T-Mobile,Name,,Family,
What is your maternal grandmother's maiden name?,What is your maternal grandmother's maiden name?,Optum Bank,Name,,Family,
What is your maternal grandmother's name?,What is your maternal grandmother's name?,Bed Bath & Beyond,Name,,Family,
What is your most unique characteristic?,What is your most unique characteristic?,Citi Credit Card,Other,,,
What is your mother's maiden name?,What is your mother's maiden name?,JetBlue,Name,,Family,
What is your mother's maiden name?,What is your mother's maiden name?,Ohio State University (my.osu.edu),Name,,Family,
What is your mother's maiden name?,What is your mother's maiden name?,Ventra Chicago,Name,,Family,
What is your mother's maiden name?,What is your mother's maiden name?,Southwest Airlines,Name,,Family,
What is your mother's maiden name?,What is your mother's maiden name?,Blue Cross Blue Shield Global Core (https://www.bcbsglobalcore.com/Account/Register/),Name,,Family,
What is your mother's maiden name?,What is your mother's maiden name?,https://mygoodtogo.com/olcsc/,Name,,Family,
What is your mother's maiden name?,What is your mother's maiden name?,Square Enix,Name,,Family,
What is your mother's maiden name?,What is your mother's maiden name?,https://www.cengagebrain.co.uk/,Name,,Family,
What is your mother's maiden name?,What is your mother's maiden name?,Southwest Airlines,Name,,Family,
What is your mother's maiden name?,What is your mother's maiden name?,USPS,Name,,Family,
What is your mother's maiden name?,What is your mother's maiden name?,Bed Bath & Beyond,Name,,Family,
What is your mother's maiden name?,What is your mother's maiden name?,Bed Bath & Beyond,Name,,Family,
What is your mother's maiden name?,What is your mother's maiden name?,Optum Bank,Name,,Family,
What is your mother's maiden name?,What is your mother's middle name?,ESRI,Name,,Family,
What is your mother's middle name?,What is your mother's middle name?,Citi Credit Card,Name,,Family,
What is your mother's middle name?,What is your mother's middle name?,Aetna,Name,,Family,
What is your mother's middle name?,What is your mother's middle name?,Bank Fund Staff Federal Credit Union,Name,,Family,
What is your mother's middle name?,What is your mother's middle name?,1stBank (efirstbank.com),Name,,Family,
What is your mother's middle name?,What is your mother's middle name?,Aetna,Name,,Family,
What is your mother's name?,What is your mother's name?,Bed Bath & Beyond,Name,,Family,
What is your name of your favorite pet?,What is the name of your favorite pet?,EA Origin,Name,Favorites,Pet,
What is your nickname?,What is your nickname?,Bed Bath and Beyond,Name,,,
What is your oldest cousin's first and last name?,What is your oldest cousin's first and last name?,SUNY Buffalo,Name,,Family,
What is your oldest sibling's middle name?,What is your oldest sibling's middle name?,Spectrum Internet,Name,,Family,
What is your oldest sibling's middle name?,What is your oldest sibling's middle name?,Spectrum,Name,,Family,
What is your paternal mother's given name?,What is/was the first name of your father's mother?,Delta Airlines,Name,,Family,
What is your pet's name?,What is your pet's name?,Bed Bath and Beyond,Name,,Pet,
What is your pet's name?,What is your pet's name?,Ventra Chicago,Name,,Pet,
What is your pet's name?,What is your pet's name?,https://www.cengagebrain.co.uk/,Name,,Pet,
What is your preferred musical genre?,What is your favorite type of music?,JetBlue,Favorites,,,
What is your primary frequent flyer number?,What is your primary frequent flyer number?,Google,Numbers,,,
What is your spouse/significant other's father's first name?,What is your spouse/significant other's father's first name?,Aetna,Name,,Family,
What is your spouse's middle name?,What is your spouse's middle name?,https://www.cengagebrain.co.uk/,Name,,Family,
What is your spouse's mother's maiden name?,What is your spouse's mother's maiden name?,JetBlue,Name,,Family,
What is your spouse's/significant other's father's first name?,What is your spouse's/significant other's father's first name?,Aetna,Name,,Family,
What is your youngest sibling's middle name?,What is your youngest sibling's middle name?,T-Mobile,Name,,Family,
What is your youngest sibling's middle name?,What is your youngest sibling's middle name?,T-Mobile,Name,,Family,
What is your youngest sibling's middle name?,What is your youngest sibling's middle name?,T-Mobile,Name,,Family,
What is/was the first and last name of your oldest cousin?,What is your oldest cousin's first and last name?,Bank Fund Staff Federal Credit Union,Name,,Family,
What is/was the first and last name of your youngest cousin?,What is/was the first and last name of your youngest cousin?,Bank Fund Staff Federal Credit Union,Name,,Family,
What is/was the first name of your father's father?,What is/was the first name of your father's father?,Bank Fund Staff Federal Credit Union,Name,,Family,
What is/was the first name of your father's mother?,What is/was the first name of your father's mother?,Bank Fund Staff Federal Credit Union,Name,,Family,
What is/was the first name of your mother's father?,What is/was the first name of your mother's father?,Bank Fund Staff Federal Credit Union,Name,,Family,
What is/was the middle name of your father?,What is your father's middle name?,Bank Fund Staff Federal Credit Union,Name,,Family,
What is/was the middle name of your mother?,What is your mother's middle name?,Bank Fund Staff Federal Credit Union,Name,,Family,
What is/was the name of your oldest sibling?,What is/was the name of your oldest sibling?,Bank Fund Staff Federal Credit Union,Name,,Family,
What is/was the name of your youngest child?,What is the name of your youngest child?,Bank Fund Staff Federal Credit Union,Name,,Family,
What is/was the zodiac sign of your oldest sibling?,What is/was the zodiac sign of your oldest sibling?,Bank Fund Staff Federal Credit Union,Other,,Family,
What is/was the zodiac sign of your youngest sibling?,What is/was the zodiac sign of your youngest sibling?,Bank Fund Staff Federal Credit Union,Other,,Family,
What is/was your mother's maiden name?,What is your mother's maiden name?,Aetna,Name,,Family,
What musical instrument do you play?,What musical instrument do you play?,United Airlines,Other,,,
What occupation did you want to pursue as an adult?,What occupation did you want to pursue as an adult?,Ohio State University (my.osu.edu),Aspirations,,,
"What personality, living or dead, would you like to meet?",Who would you most like to meet?,AT&T Mobile,Aspirations,,,
What school did you attend for sixth grade?,What school did you attend for sixth grade?,Blue Cross Blue Shield Global Core (https://www.bcbsglobalcore.com/Account/Register/),Location,,Childhood,
What school did you attend in first grade?,What school did you attend in first grade?,Optum Bank,Location,,Childhood,
What school did you attend in fourth grade?,What school did you attend in fourth grade?,T-Mobile,Location,,Childhood,
What school did you attend to in fourth grade?,What school did you attend in fourth grade?,T-Mobile,Location,,Childhood,
What school did you attend to in fourth grade?,What school did you attend in fourth grade?,T-Mobile,Location,,Childhood,
What street did you grow up on?,What street did you grow up on?,EA Origin,Location,,Childhood,
What street did you grow up on?,What street did you grow up on?,https://mygoodtogo.com/olcsc/,Location,,Childhood,
What street did you live on in 3rd grade?,What street did you live on in 3rd grade?,Spectrum Internet,Location,,Childhood,
What street did you live on in 3rd grade?,What street did you live on in 3rd grade?,Spectrum,Location,,Childhood,
What street did you live on in second grade?,What street did you live on in second grade?,T-Mobile,Location,,Childhood,
What street did you live on in second grade?,What street did you live on in second grade?,T-Mobile,Location,,Childhood,
What street did you live on in second grade?,What street did you live on in second grade?,T-Mobile,Location,,Childhood,
What street did you live on when you were 11?,What street did you live on when you were 11?,Ohio State University (my.osu.edu),Location,,Childhood,
What street did your best friend in high school live on?,What street did your best friend in high school live on?,53.com,Location,,Childhood,
What street did your best friend in high school live on? (Enter full name of street only),What street did your best friend in high school live on? (Enter full name of street only),Bank of America,Location,,Childhood,
What time of the day were you born?,What time of the day were you born?,JetBlue,Time,,Childhood,
What type of work did you do in your first job?,What type of work did you do in your first job?,USCIS,Firsts,,,
What was the color of your first car?,What was the color of your first car?,Southwest Airlines,Firsts,,Cars,
What was the color of your first car?,What was the color of your first car?,Southwest Airlines,Firsts,,Cars,
What was the favorite car you owned?,What was the favorite car you owned?,US Bank,Favorites,,Cars,
What was the first album that you purchased?,What was the first album that you purchased?,Apple,Firsts,,,
What was the first car you owned?,What was the make and model of your first car?,Blizzard Entertainment,Firsts,,Cars,
What was the first company you ever worked for?,What is the name of the first company you worked for?,Bank Fund Staff Federal Credit Union,Firsts,,,
What was the first concert you attended?,What was the first concert you attended?,AT&T Mobile,Firsts,,,
What was the first concert you attended?,What was the first concert you attended?,US Bank,Firsts,,,
What was the first concert you attended?,What was the first concert you attended?,EA Origin,Firsts,,,
What was the first concert you ever went to?,What was the first concert you attended?,Bank Fund Staff Federal Credit Union,Firsts,,,
What was the first film you saw in the theater?,What was the first movie you ever went to?,Apple,Firsts,,,
What was the first foreign country you visited?,What was the first foreign country you visited?,Blue Cross Blue Shield Global Core (https://www.bcbsglobalcore.com/Account/Register/),Firsts,Location,,
What was the first live concert you attended?,What was the first concert you attended?,Bank of America,Firsts,,,
What was the first major city that you visited?,What was the first major city that you visited?,United Airlines,Firsts,Location,,
What was the first movie you ever went to?,What was the first movie you ever went to?,Bank Fund Staff Federal Credit Union,Firsts,,,
What was the first name of your favorite teacher or professor?,What was the first name of your favorite teacher or professor?,Bank of America,Favorites,,,
What was the first name of your first manager?,What was your boss' first name at your first job?,Bank of America,Name,Firsts,,
What was the first name of your first roommate?,Who was your first roommate?,Bank Fund Staff Federal Credit Union,Name,,,
What was the first stage play you ever went to?,What was the first stage play you ever went to?,Bank Fund Staff Federal Credit Union,Firsts,,,
What was the first team sport you played?,What was the first team sport you played?,USCIS,Firsts,,,
What was the first thing you learned to cook?,What was the first thing you learned to cook?,Apple,Firsts,,,
What was the first thing you learned to cook?,What was the first thing you learned to cook?,USCIS,Firsts,,,
What was the first video game you beat?,What was the first video game you beat?,Blizzard Entertainment,Firsts,,,
What was the house number you lived in when you were ten?,What was the house number you lived in when you were ten?,Bank Fund Staff Federal Credit Union,Numbers,,Childhood,
What was the last name of the most famous person you've ever met?,What was the last name of the most famous person you've ever met?,Citi Credit Card,Name,,,
What was the last name of your first boss or person you worked for?,What was the last name of your first boss or person you worked for?,USCIS,Firsts,,,
What was the last name of your first grade teacher?,What was the last name of your first grade teacher?,Bank Fund Staff Federal Credit Union,Name,,Childhood,
What was the last name of your first sports coach?,What was the last name of your first sports coach?,USCIS,Firsts,,,
What was the last name of your most influential teacher?,What was the last name of your most influential teacher?,Bank Fund Staff Federal Credit Union,Name,,Childhood,
What was the last name of your third grade teacher?,What was the last name of your third grade teacher?,JetBlue,Name,,Childhood,
What was the last name of your third grade teacher?,What was the last name of your third grade teacher?,EA Origin,Name,,Childhood,
What was the last name of your third grade teacher?,What was the last name of your third grade teacher?,Bank Fund Staff Federal Credit Union,Name,,Childhood,
What was the last name of your third grade teacher?,What was the last name of your third grade teacher?,T-Mobile,Name,,Childhood,
What was the last name of your third grade teacher?,What was the last name of your third grade teacher?,T-Mobile,Name,,Childhood,
What was the last name of your third grade teacher?,What was the last name of your third grade teacher?,SunPass,Name,,Childhood,
What was the maiden name of your mother?,What is your mother's maiden name?,Bank Fund Staff Federal Credit Union,Name,,Family,
What was the maiden name of your mother's mother?,What was the maiden name of your mother's mother?,Bank Fund Staff Federal Credit Union,Name,,Family,
What was the make and model of the first car you owned?,What was the make and model of your first car?,Ohio State University (my.osu.edu),Firsts,,Cars,
What was the make and model of your first car?,What was the make and model of your first car?,Bank of America,Firsts,,Cars,
What was the make and model of your first car?,What was the make and model of your first car?,EA Origin,Firsts,,Cars,
What was the make and model of your first car?,What was the make and model of your first car?,Bank Fund Staff Federal Credit Union,Firsts,,Cars,
What was the make and model of your first car?,What was the make and model of your first car?,USCIS,Firsts,,Cars,
What was the make and model of your first mobile phone?,What was the make and model of your first mobile phone?,AT&T Mobile,Firsts,,,
What was the make of your first car?,What was the make of your first car?,Citi Credit Card,Firsts,,Cars,
What was the make of your first car?,What was the make of your first car?,United Airlines,Firsts,,Cars,
What was the make of your first car?,What was the make of your first car?,ESRI,Firsts,,Cars,
What was the model of the first automobile you drove?,What was the model of your first car?,Ohio State University (my.osu.edu),Firsts,,Cars,
What was the model of your first car?,What was the model of your first car?,US Bank,Firsts,,Cars,
What was the model of your first car?,What was the model of your first car?,Apple,Firsts,,Cars,
What was the name of a best friend during childhood?,What is the name of your childhood best friend?,https://www.employeeexpress.gov/Default.aspx,Name,,Childhood,
What was the name of the best man at your wedding?,What was the name of the best man at your wedding?,US Bank,Name,,,
What was the name of the company in which you got your first promotion?,What was the name of the company in which you got your first promotion?,USCIS,Firsts,,,
What was the name of the first elementary/primary school you ever attended?,What was the name of the first elementary/primary school you ever attended?,Bank Fund Staff Federal Credit Union,Location,,Childhood,
What was the name of the first school you ever attended?,What was the name of the first school you ever attended?,Citi Credit Card,Firsts,Location,Childhood,
What was the name of the hospital in which you were born?,What is the name of the hospital you were born in?,Bank Fund Staff Federal Credit Union,Location,,Childhood,
What was the name of the road you lived on when you were sixteen?,What was the name of the road you lived on when you were sixteen?,Bank Fund Staff Federal Credit Union,Location,,Childhood,
What was the name of the road your childhood best friend lived on?,What was the name of the road your childhood best friend lived on?,Bank Fund Staff Federal Credit Union,Location,,Childhood,
What was the name of the school you attended for sixth grade?,What school did you attend for sixth grade?,Bank Fund Staff Federal Credit Union,Location,,Childhood,
What was the name of your best friend during childhood?,What is the name of your childhood best friend?,T-Mobile,Name,,Childhood,
What was the name of your best friend during childhood?,What is the name of your childhood best friend?,T-Mobile,Name,,Childhood,
What was the name of your best friend during childhood?,What is the name of your childhood best friend?,T-Mobile,Name,,Childhood,
What was the name of your best friend in high school?,What is the name of your childhood best friend?,US Bank,Name,,Childhood,
What was the name of your childhood best friend?,What is the name of your childhood best friend?,Bank Fund Staff Federal Credit Union,Name,,Childhood,
What was the name of your elementary school?,What is the name of your elementary school?,Square Enix,Location,,Childhood,
What was the name of your elementary school?,What is the name of your elementary school?,FAFSA,Location,,Childhood,
What was the name of your favorite childhood toy?,What was the name of your favorite childhood toy?,US Bank,Name,Favorites,Childhood,
What was the name of your favorite manager?,What was the name of your favorite manager?,US Bank,Name,Favorites,,
What was the name of your favorite stuffed animal?,What was the name of your favorite stuffed animal?,EA Origin,Name,Favorites,Childhood,
What was the name of your first pet?,What is the name of your first pet?,Citieasydeals.com,Name,,Pet,
What was the name of your first pet?,What is the name of your first pet?,howtogeek.com,Name,,Pet,
What was the name of your first pet?,What is the name of your first pet?,Bank of America,Name,,Pet,
What was the name of your first pet?,What is the name of your first pet?,Apple,Name,,Pet,
What was the name of your first pet?,What is the name of your first pet?,Spectrum Internet,Name,,Pet,
What was the name of your first pet?,What is the name of your first pet?,Aetna,Name,,Pet,
What was the name of your first pet?,What is the name of your first pet?,T-Mobile,Name,,Pet,
What was the name of your first pet?,What is the name of your first pet?,PayPal,Name,,Pet,
What was the name of your first pet?,What is the name of your first pet?,Bank Fund Staff Federal Credit Union,Name,,Pet,
What was the name of your first pet?,What is the name of your first pet?,Source Withheld,Name,,Pet,
What was the name of your first pet?,What is the name of your first pet?,Aetna,Name,,Pet,
What was the name of your first pet?,What is the name of your first pet?,Spectrum,Name,,Pet,
What was the name of your first school?,What was the name of your first school?,PayPal,Location,,Childhood,
What was the name of your second pet?,What was the name of your second pet?,Blizzard Entertainment,Name,,Pet,
What was the name of your second pet?,What was the name of your second pet?,USCIS,Name,,Pet,
What was the street you lived on in high school?,What was the street you lived on in high school?,Blizzard Entertainment,Location,,Childhood,
What was your boss' first name at your first job?,What was your boss' first name at your first job?,Citi Credit Card,Name,Firsts,,
What was your boss' first name at your first job?,What was your boss' first name at your first job?,53.com,Name,Firsts,,
What was your childhood nickname?,What was your childhood nickname?,JetBlue,Name,,Childhood,
What was your childhood nickname?,What was your childhood nickname?,Ohio State University (my.osu.edu),Name,,Childhood,
What was your childhood nickname?,What was your childhood nickname?,T-Mobile,Name,,Childhood,
What was your childhood nickname?,What was your childhood nickname?,T-Mobile,Name,,Childhood,
What was your childhood nickname?,What was your childhood nickname?,Apple,Name,,Childhood,
What was your childhood nickname?,What was your childhood nickname?,SUNY Buffalo,Name,,Childhood,
What was your childhood nickname?,What was your childhood nickname?,T-Mobile,Name,,Childhood,
What was your childhood phone number including area code?,What was your childhood phone number including area code?,AT&T Mobile,Numbers,,Childhood,
What was your childhood phone number including area code?,What was your childhood phone number including area code?,T-Mobile,Numbers,,Childhood,
What was your childhood phone number including area code?,What was your childhood phone number including area code?,T-Mobile,Numbers,,Childhood,
What was your dream job as a kid?,What is your dream job as a child?,EA Origin,Aspirations,,Childhood,
What was your favorite book as a child?,What was your favorite book as a child?,US Bank,Favorites,,Childhood,
What was your favorite book as a child?,What was your favorite book as a child?,www.nsandi.com,Favorites,,Childhood,
What was your favorite book as a child?,What was your favorite book as a child?,US Bank,Favorites,,Childhood,
What was your favorite childhood activity?,What was your favorite childhood activity?,Ohio State University (my.osu.edu),Favorites,,Childhood,
What was your favorite fruit or vegetable as a child?,What was your favorite fruit or vegetable as a child?,Source Withheld,Favorites,,Childhood,
What was your favorite Halloween costume in elementary school? ,What was your favorite Halloween costume in elementary school? ,PNC Bank,Favorites,,Childhood,
What was your favorite movie as a child?,What was your favorite movie as a child?,US Bank,Favorites,,Childhood,
What was your favorite place to visit as a child?,What was your favorite place to visit as a child?,https://www.employeeexpress.gov/Default.aspx,Favorites,Location,Childhood,
What was your favorite place to visit as a child?,What was your favorite place to visit as a child?,https://www.cengagebrain.co.uk/,Favorites,Location,Childhood,
What was your favorite subject in school?,What was your favorite subject in school?,United Airlines,Favorites,,Childhood,
What was your favorite subject in school?,What was your favorite subject in school?,United Airlines,Favorites,,Childhood,
What was your favorite teacher's name?,What is the last name of your favorite teacher?,US Bank,Name,Favorites,Childhood,
What was your favorite teacher's name?,What is the last name of your favorite teacher?,Square Enix,Name,Favorites,Childhood,
What was your favorite toy when you were a child?,What was the name of your favorite childhood toy?,USCIS,Name,Favorites,Childhood,
What was your favorite TV show as a child?,What was your favorite TV show as a child?,US Bank,Favorites,,Childhood,
What was your first car (Include make and model)?,What was the make and model of your first car?,Blue Cross Blue Shield Global Core (https://www.bcbsglobalcore.com/Account/Register/),Firsts,,Cars,
What was your first car's make and model?,What was the make and model of your first car?,Optum Bank,Firsts,,Cars,
What was your first girlfriend or boyfriend's name?,What is the name of your first boyfriend or girlfriend?,EA Origin,Name,,,
What was your first job?,What was your first job?,Ohio State University (my.osu.edu),Firsts,,,
What was your first job?,What was your first job?,EA Origin,Firsts,,,
What was your first pet's type and name?,What was your first pet's type and name?,Ohio State University (my.osu.edu),Firsts,Name,Pet,
What was your first phone number?,What was your childhood phone number including area code?,Optum Bank,Numbers,,Childhood,
What was your high school mascot?,What was your highschool mascot?,Citieasydeals.com,Other,,Childhood,
What was your high school mascot?,What was your highschool mascot?,Southwest Airlines,Other,,Childhood,
What was your high school mascot?,What was your highschool mascot?,Aetna,Other,,Childhood,
What was your high school mascot?,What was your highschool mascot?,Bank Fund Staff Federal Credit Union,Other,,Childhood,
What was your high school mascot?,What was your highschool mascot?,Southwest Airlines,Other,,Childhood,
What was your high school mascot?,What was your highschool mascot?,https://www.cengagebrain.co.uk/,Other,,Childhood,
What was your high school mascot?,What was your highschool mascot?,Aetna,Other,,Childhood,
What was your high school mascot?,What was your highschool mascot?,FAFSA,Other,,Childhood,
What was your high school mascot?,What was your highschool mascot?,Optum Bank,Other,,Childhood,
What was your high school mascot?,What was your highschool mascot?,ESRI,Other,,Childhood,
What was your highschool mascot?,What was your highschool mascot?,JetBlue,Other,,Childhood,
What was your least favorite fruit or vegetable as a child?,What was your least favorite fruit or vegetable as a child?,United Airlines,Favorites,,Childhood,
What was your maternal grandmother's maiden name?,What is your mother's maiden name?,SUNY Buffalo,Name,,Family,
What was your most favorite fruit or vegetable as a child?,What was your favorite fruit or vegetable as a child?,United Airlines,Favorites,,Childhood,
What was your nickname as a child?,What was your childhood nickname?,Aetna,Name,,Childhood,
What were the last 5 digits of your childhood phone number?,What were the last 5 digits of your childhood phone number?,Bank Fund Staff Federal Credit Union,Numbers,,Childhood,
What year did you first fly in an airplane?,What year did you first fly in an airplane?,Source Withheld,Time,Firsts,,
What year did you get your first car?,What year did you get your first car?,Source Withheld,Time,Firsts,Cars,
What year did you get your first computer?,What year did you get your first computer?,Source Withheld,Time,Firsts,,
What year did you get your first credit card?,What year did you get your first credit card?,Source Withheld,Time,,,
What year did you graduate from college?,What year did you graduate from college?,JetBlue,Time,,,
What's the last name of the biggest celebrity you've met?,What's the last name of the biggest celebrity you've met?,AT&T Mobile,Name,,,
What's the name of the hospital in which you were born?,What is the name of the hospital you were born in?,PayPal,Location,,Childhood,
When is your anniversary (mm/dd/yy)?,When is your anniversary (mm/dd/yy)?,https://www.cengagebrain.co.uk/,Time,,Family,
When is your father's birthday (MM/DD)?,When is your father's birthday (MM/DD)?,53.com,Time,,Family,
When is your father's birthday (MM/DD)?,When is your father's birthday (MM/DD)?,Citi Credit Card,Time,,Family,
When is your mother's birthday (MM/DD)?,When is your mother's birthday (MM/DD)?,Citi Credit Card,Time,,Family,
When is your oldest child's birthday (MM/DD)?,When is your oldest child's birthday (MM/DD)?,Citi Credit Card,Time,,Family,
When is your oldest child's birthday (MM/DD)?,When is your oldest child's birthday (MM/DD)?,www.nsandi.com,Time,,Family,
When is your youngest child's birthday (MM/DD)?,When is your youngest child's birthday (MM/DD)?,Citi Credit Card,Time,,Family,
When was your youngest sibling born? (Month and year),When was your youngest sibling born? (Month and year),USCIS,Time,,Family,
"When you were a child, what did you want to be when you grew up?","When you were a child, what did you want to be when you grew up?",AT&T Mobile,Aspirations,,Childhood,
"When you were young, what did you want to be when you grew up?","When you were young, what did you want to be when you grew up?",United Airlines,Aspirations,,Childhood,
Where did you go for your honeymoon?,Where did you go on your honeymoon?,EA Origin,Location,,Family,
Where did you go on your first date?,Where did you go on your first date?,https://www.cengagebrain.co.uk/,Location,,,
Where did you go on your first date?,Where did you go on your first date?,ESRI,Location,,,
Where did you go on your honeymoon?,Where did you go on your honeymoon?,Bank Fund Staff Federal Credit Union,Location,,Family,
Where did you go the first time you flew on a plane?,Where did you go the first time you flew on a plane?,Apple,Firsts,Location,,
Where did you meet your spouse or partner for the very first time?,In what city did you meet your spouse/significant other?,US Bank,Location,,Family,
Where did you meet your spouse/partner?,In what city did you meet your spouse/significant other?,Delta Airlines,Location,,Family,
Where did your parents meet?,In what city did your parents meet?,Ohio State University (my.osu.edu),Location,,Family,
Where did your parents meet?,In what city did your parents meet?,EA Origin,Location,,Family,
Where do you want to retire?,Where do you want to retire?,Bank Fund Staff Federal Credit Union,Aspirations,Location,,
Where does your favorite cheese come from?,Where does your favorite cheese come from?,Ohio State University (my.osu.edu),Favorites,Location,,
Where was the first place you flew?,Where did you go the first time you flew on a plane?,Blizzard Entertainment,Firsts,Location,,
Where was your maternal great-grandfather born?,Where was your maternal great-grandfather born?,Ohio State University (my.osu.edu),Location,,Family,
Where was your wedding reception held?,What is the name of the place your wedding reception was held?,USCIS,Location,,Family,
Where were you born?,In which city were you born?,Ohio State University (my.osu.edu),Location,,Childhood,
Where were you in New Year's 2000?,"Where were you on January 1st, 2000?",Bank of America,Location,,,
"Where were you on January 1st, 2000?","Where were you on January 1st, 2000?",Ohio State University (my.osu.edu),Location,,,
Where were you when you had your first kiss?,Where were you when you had your first kiss?,AT&T Mobile,Location,,,
Where would you most like to have a vacation home?,Where would you most like to have a vacation home?,US Bank,Aspirations,Location,,
Where would you most like to live when you retire?,Where do you want to retire?,US Bank,Aspirations,Location,,
Where would you most like to live when you retire?,Where do you want to retire?,US Bank,Aspirations,Location,,
Where would you most like to live?,Where would you most like to live?,US Bank,Aspirations,Location,,
Which is your favorite movie?,What is the name of your favorite movie?,https://www.cengagebrain.co.uk/,Favorites,,,
Which is your favorite sports team?,What is the name of your favorite sports team?,https://www.cengagebrain.co.uk/,Favorites,,,
Which is your least favorite fruit?,Which is your least favorite fruit?,53.com,Favorites,,,
Which phone number do you remember most from your childhood? (Numerals only),What is the phone number you remember most from your childhood?,https://www.employeeexpress.gov/Default.aspx,Numbers,,Childhood,
Which state did you first visit (other than the one you were born in?),Which state did you first visit (other than the one you were born in?),53.com,Location,,,
Which university did you attend?,Which university did you attend?,www.nsandi.com,Location,,,
Which was the first foreign country you visited?,What was the first foreign country you visited?,www.nsandi.com,Firsts,Location,,
"Who is a famous, deceased person you would have liked to meet?","Who is a famous, deceased person you would have liked to meet?",USCIS,Aspirations,Name,,
"Who is your favorite actor, musician, or artist?",Who is your favorite artist?,https://www.cengagebrain.co.uk/,Favorites,,,
"Who is your favorite actor, musician, or artist?",Who is your favorite artist?,SUNY Buffalo,Favorites,,,
Who is your favorite artist?,Who is your favorite artist?,United Airlines,Favorites,,,
Who is your favorite artist?,Who is your favorite artist?,United Airlines,Favorites,,,
Who is your favorite artist?,Who is your favorite artist?,United Airlines,Favorites,,,
Who is your favorite athlete?,Who is your favorite athlete?,Citi Credit Card,Favorites,,,
Who is your favorite celebrity?,Who is your favorite celebrity?,Bank Fund Staff Federal Credit Union,Favorites,,,
Who is your favorite historical figure?,Who is your favorite historical figure?,US Bank,Name,Favorites,,
Who is your favorite historical figure?,Who is your favorite historical figure?,US Bank,Name,Favorites,,
Who is your favorite person in history?,Who is your favorite historical figure?,Bank of America,Name,Favorites,,
Who is your favorite speaker?,Who is your favorite speaker?,Ohio State University (my.osu.edu),Name,Favorites,,
Who is your favorite sports team?,What is the name of your favorite sports team?,Optum Bank,Favorites,,,
Who is your favourite sports team?,What is the name of your favorite sports team?,www.nsandi.com,Favorites,,,
Who is your mother's or father's closest friend?,Who is your mother's or father's closest friend?,Ohio State University (my.osu.edu),Name,,Family,
Who was your childhood hero?,Who was your childhood hero?,Bed Bath and Beyond,Name,,Childhood,
Who was your childhood hero?,Who was your childhood hero?,Citieasydeals.com,Name,,Childhood,
Who was your childhood hero?,Who was your childhood hero?,L.L. Bean,Name,,Childhood,
Who was your childhood hero?,Who was your childhood hero?,Bank Fund Staff Federal Credit Union,Name,,Childhood,
Who was your childhood hero?,Who was your childhood hero?,US Bank,Name,,Childhood,
Who was your childhood hero?,Who was your childhood hero?,USCIS,Name,,Childhood,
Who was your favorite film star or character in school?,Who was your favorite film star or character in school?,Apple,Name,Favorites,Childhood,
Who was your favorite person in history?,Who is your favorite historical figure?,Citieasydeals.com,Name,Favorites,,
Who was your favorite signer or band in high school?,Who was your favorite signer or band in high school?,Apple,Favorites,,Childhood,
Who was your first roommate?,Who was your first roommate?,PayPal,Name,,,
Who was your mother's first employer?,Who was your mother's first employer?,US Bank,Firsts,,Family,
Who would you most like to meet?,Who would you most like to meet?,US Bank,Aspirations,,,
Your best friend's nickname,What is your best friend's nickname?,UpWork,Name,,,
Your childhood nickname,What was your childhood nickname?,EBay,Name,,Childhood,
Your childhood nickname?,What was your childhood nickname?,Citi,Name,,Childhood,
Your childhood nickname?,What was your childhood nickname?,American Airlines,Name,,Childhood,
Your elementary school mascot,What was your elementary school mascot?,UpWork,Other,,Childhood,
Your favorite actor,What is your favorite actor's name?,UpWork,Name,Favorites,,
Your favorite singer,What is the name of your favorite singer/band?,UpWork,Name,Favorites,,
Your favorite song,What is your favorite song?,UpWork,Favorites,,,
Your favorite sports team,What is the name of your favorite sports team?,UpWork,Favorites,,,
Your favorite writer,What is the name of your favorite writer?,UpWork,Name,Favorites,,
Your First Flight was to this city?,Where did you go the first time you flew on a plane?,Citi,Firsts,Location,,
Your First Flight was to this city?,Where did you go the first time you flew on a plane?,American Airlines,Firsts,Location,,
Your first pet's name,What is the name of your first pet?,UpWork,Name,,Pet,
Your mother's maiden name,What is your mother's maiden name?,UpWork,Name,,Family,